"","ZIPCODE","POPULATION","AREA","COUNTY","X1996","X1997","X1998","X1999","X2000","X2001","X2002","X2003","X2004","X2005","X2006","X2007","X2008","X2009","X2010","X2011","X2012","X2013","X2014","X2015","X2016","X2017","density"
"254","11436",18681,22699295.4594145,"Queens",NA,NA,NA,NA,NA,NA,NA,202.5,237.166666666667,282.166666666667,347.083333333333,377.916666666667,359.75,302.5,277.5,252.833333333333,259.384615384615,269.333333333333,291.833333333333,304.916666666667,341.5,366.8,8.23
"176","11213",62426,29631004.437939,"Kings",NA,NA,NA,NA,NA,NA,NA,NA,NA,NA,NA,NA,NA,NA,263.857142857143,270.083333333333,287.538461538462,328.25,351.333333333333,425.083333333333,491.416666666667,542.4,21.07
"175","11212",83866,41972104.0714198,"Kings",NA,NA,NA,NA,NA,NA,NA,NA,220.571428571429,243.333333333333,297.166666666667,315.416666666667,315.25,296.083333333333,257.75,244.833333333333,240,248.083333333333,252,267.416666666667,288.25,330.2,19.98
"188","11225",56527,23698630.1249252,"Kings",NA,NA,NA,NA,NA,NA,NA,NA,NA,NA,NA,NA,NA,NA,315.285714285714,313.5,335.153846153846,383.916666666667,455.833333333333,538.25,597.083333333333,619.6,23.85
"181","11218",72280,36868798.9897562,"Kings",NA,NA,NA,NA,NA,NA,NA,NA,NA,NA,NA,NA,NA,NA,NA,NA,NA,NA,NA,NA,NA,NA,19.6
"189","11226",106132,39408598.2790117,"Kings",NA,NA,NA,NA,NA,NA,NA,194,229.166666666667,246.083333333333,305.75,335.916666666667,342.916666666667,320.666666666667,322.75,323.5,330.076923076923,357.083333333333,389.416666666667,440.5,500.666666666667,529.4,26.93
"182","11219",92561,42002738.4672304,"Kings",NA,NA,NA,NA,NA,NA,NA,NA,NA,NA,NA,NA,NA,NA,346.571428571429,346.75,352.461538461538,381.583333333333,406.083333333333,441.583333333333,483.5,545,22.04
"173","11210",67067,47887022.9921604,"Kings",NA,NA,NA,NA,NA,NA,NA,241,289,316.416666666667,363.666666666667,363.833333333333,358.583333333333,328.666666666667,312.166666666667,314,313.846153846154,329.166666666667,354,395.833333333333,433.083333333333,476.4,14.01
"192","11230",80857,49926703.3933172,"Kings",NA,NA,NA,NA,NA,NA,NA,NA,NA,NA,NA,NA,NA,NA,NA,NA,NA,NA,NA,NA,NA,NA,16.2
"167","11204",77354,43555184.613285,"Kings",NA,NA,NA,NA,NA,NA,NA,233,288.5,301.75,353.25,352.833333333333,353,345.25,366.416666666667,365.916666666667,367.153846153846,394.333333333333,430.416666666667,466.666666666667,499.5,542.4,17.76
"147","10471",23477,89651407.0583499,"Bronx",NA,NA,NA,NA,NA,NA,NA,NA,NA,NA,NA,NA,NA,NA,NA,NA,NA,NA,NA,NA,NA,NA,2.62
"146","10470",14740,21543461.581388,"Bronx",NA,NA,NA,NA,NA,NA,NA,NA,222.6,213.833333333333,252.666666666667,258.583333333333,246.166666666667,223.833333333333,206.5,210.416666666667,208.615384615385,205.083333333333,212.333333333333,228.666666666667,241.083333333333,247.6,6.84
"142","10466",68942,55262490.6124597,"Bronx",NA,NA,NA,NA,NA,NA,NA,NA,NA,NA,NA,NA,NA,NA,NA,NA,NA,NA,NA,NA,NA,NA,12.48
"143","10467",97932,69336166.3726341,"Bronx",NA,NA,NA,NA,NA,NA,NA,NA,NA,NA,NA,NA,NA,NA,NA,NA,NA,NA,NA,NA,NA,NA,14.12
"136","10463",70641,36703381.5081673,"Bronx",NA,NA,NA,NA,NA,NA,NA,NA,NA,NA,NA,NA,NA,NA,NA,NA,NA,NA,NA,NA,NA,NA,19.25
"151","10475",40931,38633296.9345436,"Bronx",NA,NA,NA,NA,NA,NA,NA,NA,NA,NA,NA,NA,NA,NA,NA,NA,NA,NA,NA,NA,NA,NA,10.59
"140","10464",4438,76257484.8998482,"Bronx",NA,NA,NA,NA,NA,NA,NA,261.6,343.333333333333,360.25,435.5,420.916666666667,381.416666666667,374.166666666667,363.5,324,316.153846153846,312.333333333333,296.666666666667,307.583333333333,348.583333333333,362.8,0.58
"145","10469",65101,68040887.0683502,"Bronx",NA,NA,NA,NA,NA,NA,NA,NA,NA,NA,NA,NA,NA,NA,NA,NA,NA,NA,NA,NA,NA,NA,9.57
"144","10468",72877,34447604.6722183,"Bronx",NA,NA,NA,NA,NA,NA,NA,NA,NA,NA,NA,NA,NA,NA,NA,NA,NA,NA,NA,NA,NA,NA,21.16
"137","10463",70641,3119701.91322087,"New York",NA,NA,NA,NA,NA,NA,NA,NA,NA,NA,NA,NA,NA,NA,NA,NA,NA,NA,NA,NA,NA,NA,226.44
"131","10458",79362,35968812.9033631,"Bronx",NA,NA,NA,NA,NA,NA,NA,NA,NA,NA,NA,NA,NA,NA,NA,NA,NA,NA,NA,NA,NA,NA,22.06
"36","10034",39149,24503892.1220115,"New York",NA,NA,NA,NA,NA,NA,NA,NA,NA,NA,NA,NA,NA,NA,478.555555555556,443.583333333333,414.230769230769,462.333333333333,516,511,638.666666666667,677.2,15.98
"35","10033",54284,16156054.1719256,"New York",NA,NA,NA,NA,NA,NA,NA,NA,NA,NA,NA,NA,NA,NA,453.666666666667,439.75,424.230769230769,442.5,482.333333333333,541.416666666667,646.083333333333,699,33.6
"135","10462",75674,53022513.776471,"Bronx",NA,NA,NA,NA,NA,NA,NA,NA,NA,NA,NA,NA,NA,193.909090909091,164.666666666667,148.166666666667,137.230769230769,140.583333333333,151.75,149.083333333333,164.333333333333,178.6,14.27
"43","10040",41033,16340742.7951967,"New York",NA,NA,NA,NA,NA,NA,NA,NA,NA,NA,NA,NA,NA,NA,NA,NA,NA,NA,NA,NA,NA,NA,25.11
"126","10453",77576,25748509.2716743,"Bronx",NA,NA,NA,NA,NA,NA,NA,NA,NA,NA,NA,NA,NA,NA,NA,NA,NA,NA,NA,NA,NA,NA,30.13
"141","10465",42012,108423743.438241,"Bronx",NA,NA,NA,NA,NA,NA,NA,NA,NA,NA,NA,NA,NA,NA,NA,NA,NA,NA,NA,NA,NA,NA,3.87
"138","10464",4438,4512530.57659232,"Bronx",NA,NA,NA,NA,NA,NA,NA,261.6,343.333333333333,360.25,435.5,420.916666666667,381.416666666667,374.166666666667,363.5,324,316.153846153846,312.333333333333,296.666666666667,307.583333333333,348.583333333333,362.8,9.83
"139","10464",4438,11587953.826739,"Bronx",NA,NA,NA,NA,NA,NA,NA,261.6,343.333333333333,360.25,435.5,420.916666666667,381.416666666667,374.166666666667,363.5,324,316.153846153846,312.333333333333,296.666666666667,307.583333333333,348.583333333333,362.8,3.83
"134","10461",50549,62824057.5745278,"Bronx",NA,NA,NA,NA,NA,NA,NA,NA,NA,NA,NA,NA,NA,NA,NA,NA,NA,NA,NA,NA,NA,NA,8.05
"130","10457",70253,37640607.3793199,"Bronx",NA,NA,NA,NA,NA,NA,NA,NA,NA,NA,NA,NA,NA,NA,219.2,212.666666666667,198.076923076923,191.5,197.5,211.333333333333,239.916666666667,253,18.66
"133","10460",56670,35155666.6460149,"Bronx",NA,NA,NA,NA,NA,NA,NA,NA,NA,NA,NA,NA,NA,NA,NA,NA,NA,NA,NA,NA,NA,NA,16.12
"34","10032",57606,23159566.0923429,"New York",NA,NA,197.25,219.416666666667,275.416666666667,289.75,282,NA,344.75,359.583333333333,418.25,465.083333333333,476.916666666667,433.333333333333,445.75,463.666666666667,446.692307692308,476.416666666667,520.833333333333,587.833333333333,701.083333333333,747.8,24.87
"125","10452",76104,27550385.8533127,"Bronx",NA,NA,NA,NA,NA,NA,NA,NA,NA,NA,NA,NA,NA,NA,NA,NA,NA,NA,NA,NA,NA,NA,27.62
"129","10456",89390,29933452.4363485,"Bronx",NA,NA,NA,NA,NA,NA,NA,NA,NA,NA,NA,NA,NA,NA,232,223.083333333333,212.307692307692,214.25,219.333333333333,221.583333333333,242.333333333333,262.2,29.86
"148","10472",66356,30963245.1883283,"Bronx",NA,NA,NA,NA,NA,NA,NA,NA,NA,NA,NA,NA,NA,NA,NA,NA,NA,NA,NA,NA,NA,NA,21.43
"33","10031",57010,16902152.3659099,"New York",NA,NA,NA,NA,NA,NA,NA,NA,NA,NA,525,518.833333333333,493.5,461.833333333333,474.75,506.25,506.692307692308,543.833333333333,591.333333333333,650.75,780.666666666667,831.2,33.73
"42","10039",24234,8419027.88460668,"New York",NA,NA,NA,NA,NA,NA,NA,NA,362.666666666667,337.833333333333,362.333333333333,471.083333333333,542.833333333333,508.75,493.25,499.833333333333,495.153846153846,538.666666666667,563.25,614.583333333333,750.25,793.4,28.78
"132","10459",46804,22551940.5372444,"Bronx",NA,NA,NA,NA,102.2,98.5833333333333,93,101.25,136.75,143.5,177.333333333333,210.833333333333,218.583333333333,216.833333333333,223.083333333333,211.333333333333,189.846153846154,196.5,200.666666666667,184,196.666666666667,211.2,20.75
"124","10451",44140,28944106.5168784,"Bronx",NA,NA,NA,NA,NA,NA,NA,NA,NA,NA,NA,NA,NA,NA,NA,NA,NA,NA,NA,NA,NA,NA,15.25
"149","10473",58284,59522354.5402765,"Bronx",NA,NA,NA,NA,NA,NA,NA,NA,NA,NA,NA,NA,NA,NA,NA,NA,NA,NA,NA,NA,NA,NA,9.79
"32","10030",26720,7757661.4549303,"New York",NA,NA,NA,NA,NA,NA,NA,NA,NA,NA,NA,571.666666666667,553.166666666667,502.5,509.416666666667,509.25,498.230769230769,539.75,555.666666666667,598.583333333333,729.333333333333,790.2,34.44
"29","10027",58639,24695278.5042902,"New York",NA,NA,NA,NA,NA,NA,NA,NA,NA,NA,NA,NA,NA,NA,NA,NA,NA,NA,NA,NA,NA,NA,23.75
"150","10474",12281,40614090.1902275,"Bronx",NA,NA,NA,NA,NA,NA,NA,NA,NA,NA,NA,NA,NA,NA,NA,NA,NA,NA,NA,NA,NA,NA,3.02
"128","10455",39834,19846918.8414558,"Bronx",NA,NA,NA,NA,NA,NA,NA,NA,NA,NA,NA,NA,NA,NA,NA,NA,NA,NA,NA,NA,NA,NA,20.07
"40","10037",16931,7188980.95342821,"New York",NA,NA,NA,NA,NA,NA,NA,NA,NA,NA,NA,NA,NA,NA,NA,NA,NA,NA,NA,NA,NA,NA,23.55
"26","10024",58521,22877335.4639181,"New York",NA,NA,NA,NA,NA,NA,NA,NA,936,944.666666666667,1069.83333333333,1098.66666666667,1182.5,1021.58333333333,1001.08333333333,1046.33333333333,1091.69230769231,1188.58333333333,1300.25,1355.75,1464.83333333333,1476,25.58
"127","10454",37466,31063613.325308,"Bronx",NA,NA,NA,NA,NA,NA,NA,NA,NA,NA,NA,NA,NA,NA,NA,NA,NA,NA,NA,NA,NA,NA,12.06
"28","10026",34313,11092681.4884746,"New York",NA,NA,NA,NA,NA,NA,NA,NA,527.333333333333,547.916666666667,675.083333333333,682.666666666667,728.333333333333,631,635.083333333333,624.833333333333,633.615384615385,696,796.666666666667,894.666666666667,1020.83333333333,1037.6,30.93
"38","10035",34884,15445657.3340813,"New York",NA,NA,NA,NA,NA,NA,NA,NA,NA,NA,NA,592.777777777778,660.5,582.416666666667,616.083333333333,599.25,605.923076923077,641.583333333333,720.833333333333,785.25,908.416666666667,974.4,22.58
"50","10048",0,972788.42397429,"New York",NA,NA,NA,NA,NA,NA,NA,NA,NA,NA,NA,NA,NA,NA,NA,NA,NA,NA,NA,NA,NA,NA,0
"27","10025",96054,19631043.8225259,"New York",NA,NA,NA,NA,NA,NA,NA,NA,678.111111111111,752.916666666667,885.75,856.666666666667,895.416666666667,838.833333333333,861.916666666667,879,924.461538461538,1027.25,1133.33333333333,1195,1317.83333333333,1295.8,48.93
"208","11357",38944,77359110.6091442,"Queens",NA,NA,NA,NA,NA,NA,NA,292.5,340.5,400.916666666667,463.083333333333,450.5,443.75,415.166666666667,416.5,402.416666666667,398.692307692308,411.5,450.416666666667,472.25,512.916666666667,551,5.03
"31","10029",77503,22963435.6769661,"New York",NA,NA,NA,NA,NA,NA,NA,NA,NA,NA,664.444444444444,661.666666666667,733.166666666667,641,701.166666666667,717,740.846153846154,770.416666666667,861.5,859.583333333333,965.833333333333,1046.4,33.75
"1","00083",25,38300990.399943,"New York",NA,NA,NA,NA,NA,NA,NA,NA,NA,NA,NA,NA,NA,NA,NA,NA,NA,NA,NA,NA,NA,NA,0.01
"207","11356",23379,43321159.272031,"Queens",NA,NA,NA,NA,NA,NA,NA,240,273.833333333333,316.166666666667,384.416666666667,372.833333333333,369.5,342.25,349.666666666667,340.083333333333,333.615384615385,339.916666666667,370.833333333333,400.75,453.666666666667,492.4,5.4
"210","11359",0,6567982.08534197,"Queens",NA,NA,NA,NA,NA,NA,NA,NA,NA,NA,NA,NA,NA,NA,NA,NA,NA,NA,NA,NA,NA,NA,0
"211","11360",18973,38834824.1713414,"Queens",NA,NA,NA,NA,NA,NA,NA,NA,NA,NA,NA,NA,NA,NA,NA,NA,NA,NA,NA,NA,NA,NA,4.89
"162","11105",36906,48795608.0799341,"Queens",NA,NA,NA,NA,NA,NA,NA,253.5,290.916666666667,331.333333333333,394.416666666667,388.083333333333,389.083333333333,378.416666666667,369.5,371.083333333333,376.846153846154,392.75,432.583333333333,471.333333333333,520.166666666667,574,7.56
"74","10128",55748,11011681.5568226,"New York",NA,NA,NA,NA,NA,NA,NA,NA,722,753.25,866.75,935,990.083333333333,867.583333333333,860.583333333333,880.416666666667,871.692307692308,949.916666666667,1040.58333333333,1075.66666666667,1196.91666666667,1245.4,50.63
"25","10023",62800,15212712.6781593,"New York",NA,NA,NA,NA,NA,NA,NA,NA,1046.5,1060.66666666667,1206.16666666667,1279.58333333333,1353.91666666667,1214,1079.41666666667,1120.58333333333,1155.23076923077,1265.66666666667,1397.33333333333,1484.91666666667,1619.33333333333,1601.2,41.28
"214","11363",7060,24242790.0234975,"Queens",NA,NA,NA,NA,NA,NA,NA,339.5,383.5,430.333333333333,499.5,485.916666666667,486.166666666667,464.916666666667,444.583333333333,422.75,434,439.083333333333,471.916666666667,497.333333333333,544.166666666667,585,2.91
"30","10028",47530,9842046.4797,"New York",NA,NA,NA,NA,NA,NA,NA,NA,NA,NA,NA,NA,NA,NA,NA,NA,NA,NA,NA,NA,NA,NA,48.29
"205","11354",58525,61985147.4508045,"Queens",NA,NA,NA,NA,NA,NA,NA,296.5,323.083333333333,313.666666666667,347.5,340.583333333333,364.75,380.916666666667,408.833333333333,394,397.307692307692,408.666666666667,450.75,476.75,535.333333333333,582.6,9.44
"159","11102",33944,19116258.4369194,"Queens",NA,NA,NA,NA,NA,NA,NA,NA,NA,NA,NA,NA,NA,NA,NA,NA,NA,NA,NA,NA,NA,NA,17.76
"221","11370",40591,23600231.4880305,"Queens",NA,NA,NA,NA,NA,NA,NA,279,300.75,269.916666666667,318.75,317.166666666667,308.75,369.333333333333,365.5,346.333333333333,344.076923076923,347.166666666667,369.083333333333,426.333333333333,483.916666666667,535.8,17.2
"23","10021",45299,10495133.4084987,"New York",NA,NA,NA,NA,NA,NA,NA,NA,933.75,948.833333333333,1086.33333333333,1148.41666666667,1230.91666666667,1084.91666666667,1009.33333333333,1057.41666666667,1074.07692307692,1150.08333333333,1250.16666666667,1294.66666666667,1396,1409.2,43.16
"209","11358",37743,54622541.0857367,"Queens",NA,NA,NA,NA,NA,NA,NA,264.5,314.916666666667,365.25,417.5,406.916666666667,400,376.75,381.333333333333,369.75,365.923076923077,380.75,421.75,440.25,483,518.2,6.91
"213","11362",17707,54680551.219371,"Queens",NA,NA,NA,NA,NA,NA,NA,299.5,342.5,395.75,465.583333333333,448.583333333333,439.416666666667,417.166666666667,427.416666666667,409,402.538461538462,414.5,442.916666666667,461,503,532.4,3.24
"46","10044",11661,6296113.26884279,"New York",NA,NA,NA,NA,NA,NA,NA,NA,NA,NA,NA,NA,NA,NA,NA,NA,NA,NA,NA,NA,NA,NA,18.52
"220","11369",38116,30060493.2463742,"Queens",NA,NA,NA,NA,NA,NA,NA,204,245,290.583333333333,361.75,377.75,351.5,304.916666666667,289.166666666667,276.75,272.538461538462,282.75,315.166666666667,341.25,382.666666666667,414.2,12.68
"160","11103",38234,20222394.6255259,"Queens",NA,NA,NA,NA,NA,NA,NA,266,306.583333333333,343.5,413.083333333333,405.5,414,410.666666666667,417,400.166666666667,399,414.583333333333,477.75,511.5,592.75,699.6,18.91
"163","11106",38665,23866112.7254688,"Queens",NA,NA,NA,NA,NA,NA,NA,NA,NA,NA,NA,NA,NA,NA,NA,NA,NA,NA,NA,NA,NA,NA,16.2
"219","11368",109069,72489663.284463,"Queens",NA,NA,NA,NA,NA,NA,NA,268.5,305,310.5,369.416666666667,388.916666666667,391.416666666667,369.166666666667,380.416666666667,369.083333333333,358,368.5,418.916666666667,457.333333333333,513,566.4,15.05
"228","11377",90852,71832387.4944802,"Queens",NA,NA,NA,NA,NA,NA,NA,244,287.75,311.416666666667,373.916666666667,381.333333333333,375.75,362.583333333333,362.583333333333,349.25,343.615384615385,355.833333333333,389.75,418.916666666667,476.333333333333,523.2,12.65
"206","11355",82809,49383079.083945,"Queens",NA,NA,NA,NA,NA,NA,NA,285.5,298.583333333333,288,320.833333333333,318.416666666667,330,355.5,403.166666666667,383.5,392.615384615385,405.5,442.583333333333,462.333333333333,519.75,570.2,16.77
"158","11101",26254,78962088.741757,"Queens",NA,NA,NA,NA,NA,NA,NA,NA,NA,NA,NA,NA,NA,NA,NA,NA,NA,NA,NA,NA,NA,NA,3.32
"215","11364",33937,84259665.0529601,"Queens",NA,NA,NA,NA,NA,NA,NA,294.5,344.916666666667,404.833333333333,472.25,459.916666666667,448.416666666667,425.416666666667,419,407.083333333333,398.615384615385,414.916666666667,454.416666666667,476.166666666667,526.583333333333,570,4.03
"20","10018",5503,10705796.4791701,"New York",NA,NA,NA,NA,NA,NA,NA,NA,809.2,883.083333333333,1051,1184,1209.25,1139.5,1100.66666666667,1155,1277,1390.75,1514.33333333333,1732.91666666667,1770.5,1673.2,5.14
"22","10020",0,697297.02240016,"New York",NA,NA,NA,NA,NA,NA,NA,NA,NA,NA,NA,NA,NA,NA,NA,NA,NA,NA,NA,NA,NA,NA,0
"154","11005",3533,9075527.40374782,"Queens",NA,NA,NA,NA,NA,NA,NA,NA,NA,NA,NA,NA,NA,NA,NA,NA,NA,NA,NA,NA,NA,NA,3.89
"19","10017",15918,9794383.23999352,"New York",NA,NA,NA,NA,NA,NA,NA,NA,NA,NA,NA,NA,NA,NA,NA,NA,NA,NA,NA,NA,NA,NA,16.25
"2","10001",22413,17794940.7727089,"New York",NA,NA,NA,NA,NA,NA,NA,NA,789.9,942.25,1110.75,1149.5,1223.91666666667,1117.75,1063.58333333333,1105.5,1179.30769230769,1348,1537,1617.16666666667,1704,1693.4,12.6
"14","10011",50594,18118416.8463268,"New York",NA,NA,NA,NA,NA,NA,NA,NA,NA,NA,NA,NA,NA,NA,NA,NA,NA,NA,NA,NA,NA,NA,27.92
"18","10016",54606,15042403.0377915,"New York",NA,NA,NA,NA,NA,NA,NA,NA,NA,NA,NA,NA,NA,NA,NA,NA,NA,NA,NA,NA,NA,NA,36.3
"161","11104",27127,12084432.1160844,"Queens",NA,NA,NA,NA,NA,NA,NA,303.5,326.5,284.333333333333,357.833333333333,359.166666666667,364.583333333333,414,440.416666666667,398.75,380.384615384615,406.5,441.25,485.833333333333,544.25,634.4,22.45
"164","11109",2752,581237.15059292,"Queens",NA,NA,NA,NA,NA,NA,NA,NA,NA,NA,NA,NA,NA,NA,NA,NA,NA,NA,NA,NA,NA,NA,47.35
"13","10010",29881,9768395.56994528,"New York",NA,NA,NA,NA,NA,NA,NA,NA,NA,NA,NA,NA,NA,NA,NA,NA,NA,NA,NA,NA,NA,NA,30.59
"218","11367",41773,72810151.5885401,"Queens",NA,NA,NA,NA,NA,NA,NA,252.5,291.5,301.333333333333,358,344.166666666667,340.083333333333,332.5,345.083333333333,332.583333333333,338.153846153846,351.166666666667,375.5,406.083333333333,435,484.6,5.74
"17","10014",31328,14151052.0304172,"New York",NA,NA,NA,NA,NA,NA,NA,NA,1048.5,1127.41666666667,1290.16666666667,1300.66666666667,1426.83333333333,1272.33333333333,1112.75,1172.25,1243.53846153846,1460.25,1660.58333333333,1735.16666666667,1852.83333333333,1880.4,22.14
"4","10003",55878,15538376.2696663,"New York",NA,NA,NA,NA,NA,NA,NA,NA,NA,NA,NA,NA,NA,NA,NA,NA,NA,NA,NA,NA,NA,NA,35.96
"185","11222",36315,42825293.236702,"Kings",NA,NA,NA,NA,NA,NA,NA,NA,NA,NA,NA,NA,NA,NA,567.285714285714,561.083333333333,596.307692307692,715.333333333333,849.166666666667,960.75,1065.41666666667,1085.4,8.48
"3","10002",81305,26280128.5438885,"New York",NA,NA,NA,NA,NA,NA,NA,NA,NA,749.1,879.25,962.75,1016,941.166666666667,928.583333333333,936.5,983.692307692308,1041.16666666667,1126.58333333333,1221.33333333333,1346.58333333333,1384.4,30.94
"229","11378",35473,66260538.7433529,"Queens",NA,NA,NA,NA,NA,NA,NA,232,277.25,322.083333333333,381.25,384.666666666667,390.5,356.583333333333,340.166666666667,329.666666666667,324.692307692308,332.5,363.25,389.333333333333,439.416666666667,472.8,5.35
"12","10009",61455,15903519.3012284,"New York",NA,NA,NA,NA,NA,NA,NA,NA,NA,831.1,948.416666666667,1047.16666666667,1116.16666666667,1012.83333333333,921.916666666667,946.833333333333,983.615384615385,1048.25,1118.25,1232.33333333333,1384.25,1432,38.64
"15","10012",24276,9193738.99955164,"New York",NA,NA,NA,NA,NA,NA,NA,NA,NA,NA,NA,NA,NA,NA,NA,NA,NA,NA,NA,NA,NA,NA,26.4
"16","10013",27985,15580578.8335804,"New York",NA,NA,NA,NA,NA,NA,NA,NA,NA,NA,NA,NA,NA,NA,NA,NA,NA,NA,NA,NA,NA,NA,17.96
"11","10007",7323,5327870.97676123,"New York",NA,NA,NA,NA,NA,NA,NA,NA,885.75,900.833333333333,1044.66666666667,1151.08333333333,1230.16666666667,1138.08333333333,1127.66666666667,1204.58333333333,1282,1432.83333333333,1619.58333333333,1700.83333333333,1842.5,1833.2,13.74
"200","11237",49335,27425868.1713133,"Kings",NA,NA,NA,NA,NA,NA,NA,NA,NA,NA,NA,NA,NA,NA,371.285714285714,353.083333333333,395.923076923077,458.416666666667,549.583333333333,678.333333333333,779.833333333333,828.2,17.99
"231","11385",98436,124786310.907857,"Queens",NA,NA,NA,NA,NA,NA,NA,223.5,258.583333333333,297.083333333333,355.25,355.916666666667,347.666666666667,322.666666666667,320.583333333333,304.75,302.615384615385,309.583333333333,334.75,354.75,405.5,447.2,7.89
"41","10038",19127,7022760.64302604,"New York",NA,NA,NA,NA,NA,NA,NA,NA,720.2,815.083333333333,937.916666666667,948.25,998,926.083333333333,910.5,916.833333333333,941.769230769231,1021.91666666667,1135.25,1227.25,1316.33333333333,1320.2,27.24
"169","11206",83575,40700720.9727291,"Kings",NA,NA,NA,NA,NA,NA,NA,192,207,215.166666666667,249.833333333333,263,293.916666666667,294.166666666667,280,294.25,304.692307692308,310.916666666667,347,390.833333333333,368.75,404.6,20.53
"10","10006",3011,1716640.92012239,"New York",NA,NA,NA,NA,NA,NA,NA,NA,803.25,827.083333333333,951.416666666667,1037.08333333333,1108.75,1030.91666666667,849.833333333333,875.083333333333,970.692307692308,1055.25,1148.08333333333,1266.16666666667,1291.58333333333,1286.8,17.54
"233","11412",35019,45842752.226073,"Queens",NA,NA,NA,NA,NA,NA,NA,167,199,236.75,292.333333333333,305.166666666667,285.5,249.916666666667,251.333333333333,232.083333333333,226.769230769231,238.166666666667,246.333333333333,249.5,277.083333333333,296.4,7.64
"9","10005",8107,2082901.14073505,"New York",NA,NA,NA,NA,NA,NA,NA,NA,848.25,840.083333333333,910,955.083333333333,1050,1052.58333333333,970.583333333333,979.75,994.384615384615,1038.16666666667,1110.66666666667,1202,1339.5,1343.4,38.92
"204","11251",74,10245952.2542422,"Kings",NA,NA,NA,NA,NA,NA,NA,NA,NA,NA,NA,NA,NA,NA,NA,NA,NA,NA,NA,NA,NA,NA,0.07
"5","10004",2187,4002521.0970287,"New York",NA,NA,NA,NA,NA,NA,NA,NA,NA,902.75,976.916666666667,1027.83333333333,1102.5,1114.75,1074.91666666667,1055.33333333333,1053.38461538462,1164.16666666667,1309.58333333333,1378.75,1469.25,1464,5.46
"232","11411",18216,35889597.3834009,"Queens",NA,NA,NA,NA,NA,NA,NA,209.5,243.333333333333,287.083333333333,349,367.833333333333,339.666666666667,298.833333333333,299.583333333333,277.666666666667,268,273.083333333333,283.75,292.416666666667,320.5,338.6,5.08
"165","11201",53041,41094886.7657365,"Kings",NA,NA,NA,NA,NA,NA,NA,NA,NA,NA,NA,552.428571428571,587.333333333333,626.25,650.916666666667,670.916666666667,692.615384615385,798.333333333333,925,1051.66666666667,1134.41666666667,1151,12.91
"6","10004",2187,1202707.70744839,"New York",NA,NA,NA,NA,NA,NA,NA,NA,NA,902.75,976.916666666667,1027.83333333333,1102.5,1114.75,1074.91666666667,1055.33333333333,1053.38461538462,1164.16666666667,1309.58333333333,1378.75,1469.25,1464,18.18
"168","11205",41125,23270147.9497623,"Kings",NA,NA,NA,NA,NA,NA,NA,NA,NA,NA,NA,NA,NA,NA,415.571428571429,400.5,408.538461538462,459.666666666667,488.666666666667,543.166666666667,660.75,707.2,17.67
"171","11208",94410,79303684.263991,"Kings",NA,NA,NA,NA,NA,NA,NA,161,207.833333333333,245.25,301.166666666667,324,322.666666666667,269.25,250.916666666667,238.5,229.307692307692,228.916666666667,257,286.333333333333,296.583333333333,329.4,11.9
"170","11207",93556,73966260.541061,"Kings",NA,NA,NA,NA,NA,NA,NA,175,221.75,239.833333333333,274,290.5,278,275.583333333333,266.333333333333,256,245.615384615385,243.416666666667,270.666666666667,296.583333333333,306.916666666667,330.8,12.65
"7","10004",2187,7679615.51100765,"New York",NA,NA,NA,NA,NA,NA,NA,NA,NA,902.75,976.916666666667,1027.83333333333,1102.5,1114.75,1074.91666666667,1055.33333333333,1053.38461538462,1164.16666666667,1309.58333333333,1378.75,1469.25,1464,2.85
"8","10004",2187,670708.01999656,"New York",NA,NA,NA,NA,NA,NA,NA,NA,NA,902.75,976.916666666667,1027.83333333333,1102.5,1114.75,1074.91666666667,1055.33333333333,1053.38461538462,1164.16666666667,1309.58333333333,1378.75,1469.25,1464,32.61
"234","11413",39349,86208498.5890682,"Queens",NA,NA,NA,NA,NA,NA,NA,182,213.666666666667,255.666666666667,312.916666666667,330.5,307.916666666667,266.5,266.083333333333,246.916666666667,243.230769230769,252.833333333333,259.166666666667,267.75,294.583333333333,312.2,4.56
"180","11217",36615,21648157.7960373,"Kings",NA,NA,NA,NA,NA,NA,NA,NA,NA,NA,NA,NA,NA,NA,592.428571428571,622.75,645.384615384615,731.416666666667,859,960,1035,1087.2,16.91
"201","11238",46664,29429423.4614794,"Kings",NA,NA,NA,NA,NA,NA,NA,NA,NA,NA,NA,NA,NA,NA,497.428571428571,513.083333333333,520.538461538462,610.333333333333,725.833333333333,844.083333333333,966,975.2,15.86
"194","11231",33144,39379691.7940637,"Kings",NA,NA,NA,NA,NA,NA,NA,NA,467.428571428571,461,517.75,564.5,575.333333333333,586.916666666667,604.416666666667,637.333333333333,657.461538461538,728.333333333333,857.333333333333,962.25,1023.25,1065.4,8.42
"243","11422",30139,60120657.2055391,"Queens",NA,NA,NA,NA,NA,NA,NA,198,233,274.666666666667,339.166666666667,360,330.666666666667,285.666666666667,282.25,262.333333333333,257.923076923077,265.75,278.333333333333,283.083333333333,314.666666666667,332.6,5.01
"241","11420",44538,61879568.3727771,"Queens",NA,NA,NA,NA,NA,NA,NA,210.5,250.083333333333,301.916666666667,372.666666666667,396.333333333333,357,290.333333333333,279.75,267.166666666667,274.384615384615,282,300.916666666667,314.5,343.5,365,7.2
"238","11417",28562,31099087.1079081,"Queens",NA,NA,NA,NA,NA,NA,NA,216,252.583333333333,303.916666666667,361.666666666667,372.416666666667,341.416666666667,292.75,291.833333333333,281.583333333333,276.615384615385,282.25,305.75,322.25,346.333333333333,370.6,9.18
"178","11215",63272,61922821.7461638,"Kings",NA,NA,NA,NA,NA,NA,NA,NA,462,441.916666666667,500.083333333333,523,558.416666666667,549.083333333333,580.333333333333,618.916666666667,642.923076923077,738.75,858.333333333333,937.916666666667,1005.91666666667,1051.6,10.22
"193","11231",33144,701979.38531194,"Kings",NA,NA,NA,NA,NA,NA,NA,NA,467.428571428571,461,517.75,564.5,575.333333333333,586.916666666667,604.416666666667,637.333333333333,657.461538461538,728.333333333333,857.333333333333,962.25,1023.25,1065.4,472.15
"195","11232",29521,55879065.1502698,"Kings",NA,NA,NA,NA,NA,NA,NA,NA,407.571428571429,358.916666666667,416.583333333333,430.25,457.416666666667,458.833333333333,458.416666666667,476.666666666667,453.384615384615,476,531.166666666667,620.583333333333,661.166666666667,736.4,5.28
"249","11430",16,199913664.288603,"Queens",NA,NA,NA,NA,NA,NA,NA,NA,NA,NA,NA,NA,NA,NA,NA,NA,NA,NA,NA,NA,NA,NA,0
"166","11203",78060,60644835.4561565,"Kings",NA,NA,NA,NA,NA,NA,NA,165,203.416666666667,228.833333333333,283.5,300.916666666667,290.916666666667,254.916666666667,243.916666666667,236.666666666667,232.384615384615,240.166666666667,249.166666666667,265.666666666667,295.5,323.6,12.87
"202","11239",12562,41794660.7671967,"Kings",NA,NA,NA,NA,NA,NA,NA,NA,NA,NA,NA,NA,NA,NA,NA,NA,NA,NA,NA,NA,NA,NA,3.01
"199","11236",94480,96373991.6201046,"Kings",NA,NA,NA,NA,NA,NA,NA,NA,NA,NA,NA,NA,NA,NA,NA,NA,NA,NA,NA,NA,NA,NA,9.8
"183","11220",97257,47453785.7906374,"Kings",NA,NA,NA,NA,NA,NA,NA,NA,NA,NA,NA,NA,NA,NA,NA,NA,NA,NA,NA,NA,NA,NA,20.5
"112","10301",40438,105182712.649568,"Richmond",108.444444444444,110.166666666667,119.5,133,148.833333333333,163.666666666667,182.25,209.333333333333,239.75,274.5,293.25,308.583333333333,290.166666666667,278.833333333333,265.166666666667,254.416666666667,251,255.5,266.333333333333,275.75,296.583333333333,320,3.84
"114","10303",27048,81629773.5174369,"Richmond",85.4444444444444,85.3333333333333,89.3333333333333,92.5833333333333,106.583333333333,122.75,139.583333333333,158.75,179.166666666667,205.5,234.333333333333,244.833333333333,235.5,220.833333333333,211.083333333333,199.583333333333,192.615384615385,194.5,201.666666666667,204.666666666667,227.5,252.2,3.31
"197","11234",85853,206201040.087973,"Kings",NA,NA,NA,NA,NA,NA,NA,226,284.833333333333,318.333333333333,377.833333333333,372.333333333333,358,332.416666666667,326.333333333333,326.583333333333,318.461538461538,326.916666666667,343.166666666667,357.25,378.416666666667,400.2,4.16
"113","10302",18123,29555323.0233747,"Richmond",92.3333333333333,92.5,100.083333333333,105.25,121.333333333333,140.166666666667,163,186.666666666667,205.583333333333,239,268.916666666667,278.833333333333,258.416666666667,245.25,230.833333333333,218.833333333333,215.538461538462,221.916666666667,234.333333333333,242.833333333333,260,289.2,6.13
"261","11693",11052,46471727.1709791,"Queens",NA,NA,NA,NA,NA,NA,NA,225.5,242.916666666667,261.75,311.333333333333,310.916666666667,303.75,314,298.583333333333,252.75,253.461538461538,279.333333333333,263.666666666667,259.916666666667,275.333333333333,307.4,2.38
"172","11209",69255,57842313.9612272,"Kings",NA,NA,NA,NA,NA,NA,NA,NA,NA,NA,NA,NA,NA,NA,NA,NA,NA,NA,NA,NA,NA,NA,11.97
"115","10304",41502,98226679.797328,"Richmond",102.111111111111,100.916666666667,107.833333333333,118.833333333333,134.083333333333,148.666666666667,167.583333333333,187.416666666667,213.25,249.166666666667,275.5,288.833333333333,273.75,264.083333333333,251,240.166666666667,232.307692307692,239.833333333333,246.833333333333,257.416666666667,278,308.6,4.23
"123","10314",85430,473985727.130054,"Richmond",100.777777777778,101.333333333333,106.5,112.75,131.916666666667,149.833333333333,169,192.666666666667,218.666666666667,254.083333333333,277.75,279,264.666666666667,257,249,241.416666666667,238.615384615385,241.833333333333,252.916666666667,262.333333333333,280,302,1.8
"190","11228",43080,43893024.7317224,"Kings",NA,NA,NA,NA,NA,NA,NA,267,331.166666666667,379.25,430.75,414.416666666667,400.666666666667,379,397.25,399.916666666667,397,426.833333333333,463.75,509.166666666667,551.25,591,9.81
"156","11096",147,1512446.30548939,"Queens",NA,NA,NA,NA,NA,NA,NA,NA,NA,NA,NA,NA,NA,NA,NA,NA,NA,NA,NA,NA,NA,NA,0.97
"116","10305",41746,111441829.317708,"Richmond",106.888888888889,104.833333333333,109.833333333333,116.166666666667,134.083333333333,151.666666666667,175.083333333333,199.25,226.583333333333,263.333333333333,289.916666666667,291.416666666667,275.583333333333,271.416666666667,255.166666666667,245.083333333333,239.923076923077,242.833333333333,251.25,264.583333333333,289.333333333333,315.4,3.75
"191","11229",79608,60119326.1442695,"Kings",NA,NA,NA,NA,NA,NA,NA,NA,NA,NA,NA,NA,NA,NA,NA,NA,NA,NA,NA,NA,NA,NA,13.24
"177","11214",89061,61096539.3891465,"Kings",NA,NA,NA,NA,NA,NA,NA,249,312.666666666667,335.916666666667,378,356,350.833333333333,345.25,374.25,376.333333333333,377.307692307692,398.5,427.416666666667,460.833333333333,503.25,543.8,14.58
"256","11691",60267,83927815.1123475,"Queens",NA,NA,NA,NA,NA,NA,NA,177.5,207,226.916666666667,269.166666666667,280.416666666667,277.916666666667,266.666666666667,265.5,252.25,242,241.166666666667,236.333333333333,238,252.25,278.6,7.18
"157","11096",147,111973.73396184,"Queens",NA,NA,NA,NA,NA,NA,NA,NA,NA,NA,NA,NA,NA,NA,NA,NA,NA,NA,NA,NA,NA,NA,13.13
"186","11223",79864,58702923.4662996,"Kings",NA,NA,NA,NA,NA,NA,NA,NA,354.285714285714,361.416666666667,412.083333333333,413.25,402.666666666667,389.75,397.75,407.5,408.692307692308,430.583333333333,462.75,513.666666666667,558.75,602.8,13.6
"260","11693",11052,1527599.16446935,"Queens",NA,NA,NA,NA,NA,NA,NA,225.5,242.916666666667,261.75,311.333333333333,310.916666666667,303.75,314,298.583333333333,252.75,253.461538461538,279.333333333333,263.666666666667,259.916666666667,275.333333333333,307.4,72.35
"257","11692",18018,23992395.3811918,"Queens",NA,NA,NA,NA,NA,NA,NA,156,185,214.583333333333,258.333333333333,280.333333333333,261.666666666667,249,259.333333333333,220.25,211,223.5,213.166666666667,218.083333333333,242.166666666667,266.4,7.51
"198","11235",76130,69053803.0317134,"Kings",NA,NA,NA,NA,NA,NA,NA,NA,343.142857142857,320.666666666667,382.5,408.75,425.416666666667,416.75,410.5,416.333333333333,417.769230769231,423.583333333333,437.083333333333,477.333333333333,507.916666666667,519,11.02
"259","11693",11052,12270916.5305379,"Queens",NA,NA,NA,NA,NA,NA,NA,225.5,242.916666666667,261.75,311.333333333333,310.916666666667,303.75,314,298.583333333333,252.75,253.461538461538,279.333333333333,263.666666666667,259.916666666667,275.333333333333,307.4,9.01
"117","10306",55602,174102872.04866,"Richmond",120.333333333333,118.666666666667,125.916666666667,135.166666666667,156.416666666667,178.833333333333,198.25,225.166666666667,254.916666666667,288.333333333333,316.75,318.5,303.083333333333,292.666666666667,280.333333333333,272.833333333333,268.923076923077,273.583333333333,279.666666666667,290.083333333333,310.666666666667,335.4,3.19
"262","11694",20163,48101606.6144704,"Queens",NA,NA,NA,NA,NA,NA,NA,303,320.083333333333,344.166666666667,401.083333333333,401.666666666667,394,385.333333333333,374.25,344.083333333333,341.846153846154,327.333333333333,321.5,326.666666666667,368.25,396.8,4.19
"187","11224",49600,46701983.7536391,"Kings",NA,NA,NA,NA,NA,NA,NA,204,252.5,253.833333333333,298.416666666667,303.666666666667,301.833333333333,348.25,321.833333333333,321.083333333333,337.384615384615,348,329.416666666667,348.25,385,418.4,10.62
"119","10308",27612,62751041.8151495,"Richmond",117,118.416666666667,123.583333333333,131.5,155.5,177.416666666667,199,224.916666666667,253.75,288.166666666667,317.916666666667,311.416666666667,294.083333333333,285.583333333333,278.416666666667,273.25,268.692307692308,272.5,281.416666666667,290.083333333333,308.416666666667,330,4.4
"263","11697",4079,59789760.6199218,"Queens",NA,NA,NA,NA,NA,NA,NA,NA,NA,NA,NA,NA,NA,NA,NA,NA,NA,NA,NA,NA,NA,NA,0.68
"122","10312",58506,169087432.907114,"Richmond",108.222222222222,106.416666666667,111.583333333333,120.25,140.333333333333,159.25,177.166666666667,199.916666666667,224.5,256.75,280.166666666667,278.416666666667,266.25,258.416666666667,250.666666666667,245.5,242.538461538462,245.75,255.75,263.25,278,298.2,3.46
"120","10309",33114,215835793.517094,"Richmond",98.4444444444444,102.5,108.25,115.666666666667,133.5,152.5,167.416666666667,188.666666666667,213.25,243.5,264.5,261,251.75,244.916666666667,238,232.916666666667,228.769230769231,233.166666666667,241.333333333333,248.416666666667,261.833333333333,278.6,1.53
"118","10307",14096,46028382.6297602,"Richmond",113,113.833333333333,119.083333333333,135.083333333333,156.583333333333,173.083333333333,190.666666666667,217.833333333333,247.833333333333,272.416666666667,305.583333333333,303.166666666667,285.166666666667,282,274.833333333333,268.25,265.384615384615,265.916666666667,274.583333333333,279.916666666667,296.25,319.2,3.06
"107","10280",3170,2234114.00737477,"New York",NA,NA,NA,NA,NA,NA,NA,NA,NA,729,820.083333333333,897.75,979.083333333333,892.666666666667,847.166666666667,828.583333333333,859.076923076923,947.166666666667,1007.83333333333,1090.58333333333,1170.25,1199,14.19
"224","11372",66636,20163283.8743202,"Queens",NA,NA,NA,NA,NA,NA,NA,NA,NA,NA,NA,NA,NA,348.125,345.083333333333,336.75,338.615384615385,348.5,362.5,402.416666666667,448.583333333333,498.8,33.05
"153","11004",11776,22606526.9135699,"Queens",NA,NA,NA,NA,NA,NA,NA,317,364.416666666667,429.666666666667,500.166666666667,479.333333333333,443.75,401.916666666667,417.083333333333,402.5,393.538461538462,411.75,437.416666666667,451.166666666667,476,518,5.21
"155","11040",2349,6269333.411947,"Queens",NA,NA,NA,NA,NA,NA,NA,NA,NA,NA,NA,NA,NA,NA,NA,NA,NA,NA,NA,NA,NA,NA,3.75
"245","11426",20050,49609163.5394305,"Queens",NA,NA,NA,NA,NA,NA,NA,244.5,288.833333333333,341.333333333333,403.333333333333,394.25,362.833333333333,325.416666666667,331.416666666667,325.166666666667,318.923076923077,329.083333333333,349.666666666667,356,387,419.2,4.04
"216","11365",40528,69385865.5947389,"Queens",NA,NA,NA,NA,NA,NA,NA,276,317.083333333333,359.666666666667,425.583333333333,412.5,406.75,387.75,394.75,380,378.384615384615,390.583333333333,424.25,449.75,495.166666666667,525.8,5.84
"152","11001",3944,9155180.26276007,"Queens",NA,NA,NA,NA,NA,NA,NA,NA,NA,NA,NA,NA,NA,NA,NA,NA,NA,NA,NA,NA,NA,NA,4.31
"227","11375",68555,55587771.8344865,"Queens",NA,NA,NA,NA,NA,NA,NA,296,334.25,368.5,439.666666666667,451.666666666667,456.083333333333,460.333333333333,430,413.75,424,445.333333333333,476.25,493.333333333333,536,588,12.33
"246","11427",21942,39435767.4173042,"Queens",NA,NA,NA,NA,NA,NA,NA,237,276.333333333333,325.25,384,381.75,361.583333333333,322.583333333333,324.416666666667,302.5,298.923076923077,320.916666666667,342.166666666667,347.166666666667,377.583333333333,403.4,5.56
"226","11374",42755,25203558.5810222,"Queens",NA,NA,NA,NA,NA,NA,NA,264.5,303.333333333333,303,354.333333333333,350.416666666667,355.583333333333,364.083333333333,388.166666666667,363.333333333333,364.384615384615,376.833333333333,402,449.25,481.583333333333,525.2,16.96
"217","11366",13168,20358592.7502548,"Queens",NA,NA,NA,NA,NA,NA,NA,295,335.666666666667,392.166666666667,463,437.083333333333,415.166666666667,386.75,396.166666666667,391.75,387.307692307692,403.5,434.75,462.333333333333,514.166666666667,548,6.47
"244","11423",30243,45095032.1009242,"Queens",NA,NA,NA,NA,NA,NA,NA,193,228.416666666667,269.666666666667,328.166666666667,341.083333333333,323.25,279.833333333333,290.833333333333,270.25,270.384615384615,281.25,298.083333333333,307.916666666667,337.833333333333,360.8,6.71
"247","11428",18818,21927545.4923289,"Queens",NA,NA,NA,NA,NA,NA,NA,214.5,253.25,300.666666666667,365.416666666667,365.583333333333,336.666666666667,295.916666666667,295.333333333333,278.583333333333,271.615384615385,286.666666666667,307.333333333333,314.75,340.333333333333,365.8,8.58
"250","11432",62075,60177575.6380646,"Queens",NA,NA,NA,NA,NA,NA,NA,242,277.916666666667,325.333333333333,402.166666666667,407.083333333333,388.75,341,347.083333333333,327.166666666667,329.461538461538,342.75,364.416666666667,386.5,429.75,459,10.32
"230","11379",35428,57622817.0453818,"Queens",NA,NA,NA,NA,NA,NA,NA,245,285.583333333333,325.833333333333,385.25,391.75,385.666666666667,357,352.333333333333,342.75,342.076923076923,351.916666666667,383.25,408.25,451.75,484.6,6.15
"248","11429",25116,39559398.2845283,"Queens",NA,NA,NA,NA,NA,NA,NA,186.5,212.916666666667,256,312.166666666667,326.583333333333,311.75,264.833333333333,268,244.583333333333,242.384615384615,250.416666666667,263.833333333333,276,303.333333333333,321.8,6.35
"253","11435",53404,42105899.1565062,"Queens",NA,NA,NA,NA,NA,NA,NA,205.5,237.583333333333,281.75,352.75,367.5,353.25,298,282.333333333333,266.25,260.307692307692,272.333333333333,293.666666666667,307.916666666667,346.75,371.2,12.68
"236","11415",18990,16802279.5094065,"Queens",NA,NA,NA,NA,NA,NA,NA,248,286.833333333333,290.166666666667,353.25,355.333333333333,351.416666666667,350.666666666667,330.083333333333,310.833333333333,319.692307692308,333.166666666667,353.166666666667,354.25,365,387.4,11.3
"239","11418",36607,32025130.9227912,"Queens",NA,NA,NA,NA,NA,NA,NA,207.5,242.25,272,333.916666666667,341.416666666667,322.5,280.666666666667,276.833333333333,271.75,267.076923076923,273.833333333333,295.666666666667,306.083333333333,331.083333333333,359.6,11.43
"251","11433",33679,47739432.5965324,"Queens",NA,NA,NA,NA,NA,NA,NA,181,219.166666666667,260.666666666667,327.583333333333,356.5,331.583333333333,292.166666666667,273.5,245.5,248.076923076923,252.083333333333,267.916666666667,276.75,314.083333333333,338.6,7.05
"255","11451",0,487599.72679456,"Queens",NA,NA,NA,NA,NA,NA,NA,NA,NA,NA,NA,NA,NA,NA,NA,NA,NA,NA,NA,NA,NA,NA,0
"184","11221",80232,38580480.4343075,"Kings",NA,NA,NA,NA,NA,NA,NA,NA,NA,NA,NA,NA,NA,NA,218.285714285714,218.75,236.538461538462,294.75,394,475.75,545.666666666667,600,20.8
"242","11421",39014,24314441.7639082,"Queens",NA,NA,NA,NA,NA,NA,NA,196,231.75,279.75,340.083333333333,344.916666666667,317.833333333333,264.833333333333,265.416666666667,254.25,252.384615384615,263.166666666667,284.416666666667,299.416666666667,336.833333333333,366.6,16.05
"240","11419",47054,31278858.1025216,"Queens",NA,NA,NA,NA,NA,NA,NA,208.5,243.75,289.583333333333,355.833333333333,373.25,336.25,276.166666666667,268.75,260.333333333333,257.230769230769,263.916666666667,286.25,296,329.75,356.6,15.04
"252","11434",57989,87379704.1578414,"Queens",NA,NA,NA,NA,NA,NA,NA,188.5,220.416666666667,261.666666666667,319,339.5,317,277.166666666667,271.5,244.583333333333,246.307692307692,257.083333333333,268.916666666667,279.25,309.083333333333,331.2,6.64
"179","11216",53862,26478229.2634433,"Kings",NA,NA,NA,NA,NA,NA,NA,NA,NA,NA,NA,NA,NA,NA,383.142857142857,373.166666666667,393.769230769231,480,602.833333333333,730.333333333333,830.666666666667,868.6,20.34
"237","11416",25423,18854849.8013032,"Queens",NA,NA,NA,NA,NA,NA,NA,205,233.916666666667,262.75,339,354.583333333333,315.333333333333,268.583333333333,270.333333333333,259.5,252.076923076923,260.666666666667,278.5,296.666666666667,332,357.2,13.48
"196","11233",66737,37871693.6822543,"Kings",NA,NA,NA,NA,NA,NA,NA,NA,NA,NA,NA,NA,NA,NA,284.285714285714,284.833333333333,280.692307692308,322.416666666667,407.5,474.25,555.5,603,17.62
"51","10055",12,37223.53879059,"New York",NA,NA,NA,NA,NA,NA,NA,NA,NA,NA,NA,NA,NA,NA,NA,NA,NA,NA,NA,NA,NA,NA,3.22
"21","10019",41966,18828383.1167983,"New York",NA,NA,NA,NA,NA,NA,NA,NA,NA,NA,NA,NA,NA,NA,NA,NA,NA,NA,NA,NA,NA,NA,22.29
"65","10111",0,103066.25326749,"New York",NA,NA,NA,NA,NA,NA,NA,NA,NA,NA,NA,NA,NA,NA,NA,NA,NA,NA,NA,NA,NA,NA,0
"77","10153",0,80339.64722531,"New York",NA,NA,NA,NA,NA,NA,NA,NA,NA,NA,NA,NA,NA,NA,NA,NA,NA,NA,NA,NA,NA,NA,0
"78","10154",0,79148.80239471,"New York",NA,NA,NA,NA,NA,NA,NA,NA,NA,NA,NA,NA,NA,NA,NA,NA,NA,NA,NA,NA,NA,NA,0
"76","10152",0,59924.99827374,"New York",NA,NA,NA,NA,NA,NA,NA,NA,NA,NA,NA,NA,NA,NA,NA,NA,NA,NA,NA,NA,NA,NA,0
"67","10115",0,71720.1154679,"New York",NA,NA,NA,NA,NA,NA,NA,NA,NA,NA,NA,NA,NA,NA,NA,NA,NA,NA,NA,NA,NA,NA,0
"24","10022",33135,12728335.6230472,"New York",NA,NA,NA,NA,NA,NA,NA,NA,NA,NA,NA,NA,NA,NA,NA,NA,NA,NA,NA,NA,NA,NA,26.03
"222","11370",40591,18190205.1866401,"Bronx",NA,NA,NA,NA,NA,NA,NA,279,300.75,269.916666666667,318.75,317.166666666667,308.75,369.333333333333,365.5,346.333333333333,344.076923076923,347.166666666667,369.083333333333,426.333333333333,483.916666666667,535.8,22.31
"52","10065",33459,11442579.5473714,"New York",NA,NA,NA,NA,NA,NA,NA,NA,960.333333333333,1000.91666666667,1184.83333333333,1239,1308.66666666667,1188.41666666667,1079.33333333333,1154.41666666667,1197.53846153846,1300.33333333333,1480.75,1498.91666666667,1647,1591.2,29.24
"54","10075",25203,4809654.27648916,"New York",NA,NA,NA,NA,NA,NA,NA,NA,946,959.666666666667,1111.33333333333,1165.16666666667,1226.5,1092.91666666667,1019,1055.83333333333,1102.84615384615,1194.58333333333,1293.25,1315.41666666667,1381.91666666667,1391.2,52.4
"53","10069",5850,2372365.88905417,"New York",NA,NA,NA,NA,NA,NA,NA,NA,NA,1056.5,1171.41666666667,1224.25,1281.83333333333,1188.25,1134.75,1203.83333333333,1237.07692307692,1376.08333333333,1529.08333333333,1646.41666666667,1734.08333333333,1708.6,24.66
"108","10281",4017,955857.82189407,"New York",NA,NA,NA,NA,NA,NA,NA,NA,NA,NA,NA,NA,NA,NA,NA,NA,NA,NA,NA,NA,NA,NA,42.03
"109","10282",4139,1562844.98744848,"New York",NA,NA,NA,NA,NA,NA,NA,NA,NA,NA,NA,NA,NA,NA,NA,NA,NA,NA,NA,NA,NA,NA,26.48
"174","11211",60861,40470881.6712834,"Kings",NA,NA,NA,NA,NA,NA,NA,NA,NA,NA,NA,NA,NA,NA,539.571428571429,546.5,572.846153846154,682.833333333333,793,900.583333333333,991.166666666667,1045.8,15.04
"225","11373",101282,42654860.3372075,"Queens",NA,NA,NA,NA,NA,NA,NA,NA,NA,NA,NA,NA,NA,NA,NA,NA,NA,NA,NA,NA,NA,NA,23.74
"106","10279",0,28664.70581259,"New York",NA,NA,NA,NA,NA,NA,NA,NA,NA,NA,NA,NA,NA,NA,NA,NA,NA,NA,NA,NA,NA,NA,0
"82","10165",0,40779.8152016,"New York",NA,NA,NA,NA,NA,NA,NA,NA,NA,NA,NA,NA,NA,NA,NA,NA,NA,NA,NA,NA,NA,NA,0
"85","10168",0,27810.12206039,"New York",NA,NA,NA,NA,NA,NA,NA,NA,NA,NA,NA,NA,NA,NA,NA,NA,NA,NA,NA,NA,NA,NA,0
"61","10105",0,35422.15675474,"New York",NA,NA,NA,NA,NA,NA,NA,NA,NA,NA,NA,NA,NA,NA,NA,NA,NA,NA,NA,NA,NA,NA,0
"68","10118",0,91733.71536502,"New York",NA,NA,NA,NA,NA,NA,NA,NA,NA,NA,NA,NA,NA,NA,NA,NA,NA,NA,NA,NA,NA,NA,0
"93","10176",0,18289.08973373,"New York",NA,NA,NA,NA,NA,NA,NA,NA,NA,NA,NA,NA,NA,NA,NA,NA,NA,NA,NA,NA,NA,NA,0
"87","10170",0,61793.17513498,"New York",NA,NA,NA,NA,NA,NA,NA,NA,NA,NA,NA,NA,NA,NA,NA,NA,NA,NA,NA,NA,NA,NA,0
"66","10112",0,164078.16778045,"New York",NA,NA,NA,NA,NA,NA,NA,NA,NA,NA,NA,NA,NA,NA,NA,NA,NA,NA,NA,NA,NA,NA,0
"72","10122",0,23294.63810493,"New York",NA,NA,NA,NA,NA,NA,NA,NA,NA,NA,NA,NA,NA,NA,NA,NA,NA,NA,NA,NA,NA,NA,0
"63","10107",0,23030.17589801,"New York",NA,NA,NA,NA,NA,NA,NA,NA,NA,NA,NA,NA,NA,NA,NA,NA,NA,NA,NA,NA,NA,NA,0
"59","10103",0,62713.25340641,"New York",NA,NA,NA,NA,NA,NA,NA,NA,NA,NA,NA,NA,NA,NA,NA,NA,NA,NA,NA,NA,NA,NA,0
"91","10174",0,44203.225551,"New York",NA,NA,NA,NA,NA,NA,NA,NA,NA,NA,NA,NA,NA,NA,NA,NA,NA,NA,NA,NA,NA,NA,0
"83","10166",0,110438.62316925,"New York",NA,NA,NA,NA,NA,NA,NA,NA,NA,NA,NA,NA,NA,NA,NA,NA,NA,NA,NA,NA,NA,NA,0
"86","10169",0,66246.34636524,"New York",NA,NA,NA,NA,NA,NA,NA,NA,NA,NA,NA,NA,NA,NA,NA,NA,NA,NA,NA,NA,NA,NA,0
"84","10167",0,80926.18724468,"New York",NA,NA,NA,NA,NA,NA,NA,NA,NA,NA,NA,NA,NA,NA,NA,NA,NA,NA,NA,NA,NA,NA,0
"94","10177",0,24688.05110227,"New York",NA,NA,NA,NA,NA,NA,NA,NA,NA,NA,NA,NA,NA,NA,NA,NA,NA,NA,NA,NA,NA,NA,0
"89","10172",0,79589.10010435,"New York",NA,NA,NA,NA,NA,NA,NA,NA,NA,NA,NA,NA,NA,NA,NA,NA,NA,NA,NA,NA,NA,NA,0
"88","10171",0,23525.08592042,"New York",NA,NA,NA,NA,NA,NA,NA,NA,NA,NA,NA,NA,NA,NA,NA,NA,NA,NA,NA,NA,NA,NA,0
"102","10270",0,31255.80042657,"New York",NA,NA,NA,NA,NA,NA,NA,NA,NA,NA,NA,NA,NA,NA,NA,NA,NA,NA,NA,NA,NA,NA,0
"60","10104",0,89721.85254792,"New York",NA,NA,NA,NA,NA,NA,NA,NA,NA,NA,NA,NA,NA,NA,NA,NA,NA,NA,NA,NA,NA,NA,0
"103","10271",0,49236.87720047,"New York",NA,NA,NA,NA,NA,NA,NA,NA,NA,NA,NA,NA,NA,NA,NA,NA,NA,NA,NA,NA,NA,NA,0
"64","10110",0,21249.06351801,"New York",NA,NA,NA,NA,NA,NA,NA,NA,NA,NA,NA,NA,NA,NA,NA,NA,NA,NA,NA,NA,NA,NA,0
"92","10175",0,18685.39452547,"New York",NA,NA,NA,NA,NA,NA,NA,NA,NA,NA,NA,NA,NA,NA,NA,NA,NA,NA,NA,NA,NA,NA,0
"75","10151",0,21380.26837704,"New York",NA,NA,NA,NA,NA,NA,NA,NA,NA,NA,NA,NA,NA,NA,NA,NA,NA,NA,NA,NA,NA,NA,0
"90","10173",0,25689.4205866,"New York",NA,NA,NA,NA,NA,NA,NA,NA,NA,NA,NA,NA,NA,NA,NA,NA,NA,NA,NA,NA,NA,NA,0
"95","10178",0,51303.03763325,"New York",NA,NA,NA,NA,NA,NA,NA,NA,NA,NA,NA,NA,NA,NA,NA,NA,NA,NA,NA,NA,NA,NA,0
"71","10121",0,115104.79934758,"New York",NA,NA,NA,NA,NA,NA,NA,NA,NA,NA,NA,NA,NA,NA,NA,NA,NA,NA,NA,NA,NA,NA,0
"73","10123",0,16138.53696529,"New York",NA,NA,NA,NA,NA,NA,NA,NA,NA,NA,NA,NA,NA,NA,NA,NA,NA,NA,NA,NA,NA,NA,0
"62","10106",0,31052.55279476,"New York",NA,NA,NA,NA,NA,NA,NA,NA,NA,NA,NA,NA,NA,NA,NA,NA,NA,NA,NA,NA,NA,NA,0
"80","10158",0,35395.77014453,"New York",NA,NA,NA,NA,NA,NA,NA,NA,NA,NA,NA,NA,NA,NA,NA,NA,NA,NA,NA,NA,NA,NA,0
"44","10041",0,162236.64686066,"New York",NA,NA,NA,NA,NA,NA,NA,NA,NA,NA,NA,NA,NA,NA,NA,NA,NA,NA,NA,NA,NA,NA,0
"70","10120",0,35179.27221883,"New York",NA,NA,NA,NA,NA,NA,NA,NA,NA,NA,NA,NA,NA,NA,NA,NA,NA,NA,NA,NA,NA,NA,0
"105","10278",0,206705.99517726,"New York",NA,NA,NA,NA,NA,NA,NA,NA,NA,NA,NA,NA,NA,NA,NA,NA,NA,NA,NA,NA,NA,NA,0
"79","10155",0,24784.68853834,"New York",NA,NA,NA,NA,NA,NA,NA,NA,NA,NA,NA,NA,NA,NA,NA,NA,NA,NA,NA,NA,NA,NA,0
"45","10043",0,38262.36480837,"New York",NA,NA,NA,NA,NA,NA,NA,NA,NA,NA,NA,NA,NA,NA,NA,NA,NA,NA,NA,NA,NA,NA,0
"56","10081",0,30240.50545136,"New York",NA,NA,NA,NA,NA,NA,NA,NA,NA,NA,NA,NA,NA,NA,NA,NA,NA,NA,NA,NA,NA,NA,0
"57","10096",0,42106.11469036,"New York",NA,NA,NA,NA,NA,NA,NA,NA,NA,NA,NA,NA,NA,NA,NA,NA,NA,NA,NA,NA,NA,NA,0
"58","10097",0,65826.17797858,"New York",NA,NA,NA,NA,NA,NA,NA,NA,NA,NA,NA,NA,NA,NA,NA,NA,NA,NA,NA,NA,NA,NA,0
"96","10196",0,32502.4403287,"New York",NA,NA,NA,NA,NA,NA,NA,NA,NA,NA,NA,NA,NA,NA,NA,NA,NA,NA,NA,NA,NA,NA,0
"97","10196",0,3154.82497313,"New York",NA,NA,NA,NA,NA,NA,NA,NA,NA,NA,NA,NA,NA,NA,NA,NA,NA,NA,NA,NA,NA,NA,0
"104","10275",0,48280.41500036,"New York",NA,NA,NA,NA,NA,NA,NA,NA,NA,NA,NA,NA,NA,NA,NA,NA,NA,NA,NA,NA,NA,NA,0
"101","10265",0,17229.15496418,"New York",NA,NA,NA,NA,NA,NA,NA,NA,NA,NA,NA,NA,NA,NA,NA,NA,NA,NA,NA,NA,NA,NA,0
"47","10045",0,47808.98541408,"New York",NA,NA,NA,NA,NA,NA,NA,NA,NA,NA,NA,NA,NA,NA,NA,NA,NA,NA,NA,NA,NA,NA,0
"49","10047",0,10149.77968393,"New York",NA,NA,NA,NA,NA,NA,NA,NA,NA,NA,NA,NA,NA,NA,NA,NA,NA,NA,NA,NA,NA,NA,0
"48","10047",0,10149.77968393,"New York",NA,NA,NA,NA,NA,NA,NA,NA,NA,NA,NA,NA,NA,NA,NA,NA,NA,NA,NA,NA,NA,NA,0
"55","10080",0,77111.44771105,"New York",NA,NA,NA,NA,NA,NA,NA,NA,NA,NA,NA,NA,NA,NA,NA,NA,NA,NA,NA,NA,NA,NA,0
"98","10203",0,37226.88358199,"New York",NA,NA,NA,NA,NA,NA,NA,NA,NA,NA,NA,NA,NA,NA,NA,NA,NA,NA,NA,NA,NA,NA,0
"99","10259",0,21064.31295297,"New York",NA,NA,NA,NA,NA,NA,NA,NA,NA,NA,NA,NA,NA,NA,NA,NA,NA,NA,NA,NA,NA,NA,0
"100","10260",0,52514.73508273,"New York",NA,NA,NA,NA,NA,NA,NA,NA,NA,NA,NA,NA,NA,NA,NA,NA,NA,NA,NA,NA,NA,NA,0
"110","10285",0,67350.38895987,"New York",NA,NA,NA,NA,NA,NA,NA,NA,NA,NA,NA,NA,NA,NA,NA,NA,NA,NA,NA,NA,NA,NA,0
"111","10286",0,11264.4123784,"New York",NA,NA,NA,NA,NA,NA,NA,NA,NA,NA,NA,NA,NA,NA,NA,NA,NA,NA,NA,NA,NA,NA,0
"37","10035",34884,23494871.4647732,"New York",NA,NA,NA,NA,NA,NA,NA,NA,NA,NA,NA,592.777777777778,660.5,582.416666666667,616.083333333333,599.25,605.923076923077,641.583333333333,720.833333333333,785.25,908.416666666667,974.4,14.85
"223","11371",0,30558474.9078386,"Queens",NA,NA,NA,NA,NA,NA,NA,NA,NA,NA,NA,NA,NA,NA,NA,NA,NA,NA,NA,NA,NA,NA,0
"212","11361",28496,50163518.2433512,"Queens",NA,NA,NA,NA,NA,NA,NA,286.5,336.416666666667,394.25,460.166666666667,451.25,446.083333333333,412.833333333333,413.666666666667,405.5,401.846153846154,411.833333333333,452.333333333333,472.666666666667,519.75,559.2,5.68
"39","10036",23543,11395110.509595,"New York",NA,NA,NA,NA,NA,NA,NA,NA,NA,NA,NA,NA,NA,NA,NA,NA,NA,NA,NA,NA,NA,NA,20.66
"235","11414",26148,63928824.719027,"Queens",NA,NA,NA,NA,NA,NA,NA,235,265.75,296.916666666667,344.916666666667,335,324.416666666667,302.5,307.333333333333,284.916666666667,277.615384615385,270,271,277.833333333333,299.166666666667,318.8,4.09
"121","10310",25003,53463275.0024921,"Richmond",104.111111111111,103,106.833333333333,116.333333333333,134.666666666667,155.083333333333,173.583333333333,197.916666666667,219,261.166666666667,289.5,292.583333333333,275.666666666667,265.833333333333,252.75,244.833333333333,238.846153846154,245.5,256.666666666667,268.583333333333,284.75,308.4,4.68
"258","11693",11052,3497515.7797433,"Kings",NA,NA,NA,NA,NA,NA,NA,225.5,242.916666666667,261.75,311.333333333333,310.916666666667,303.75,314,298.583333333333,252.75,253.461538461538,279.333333333333,263.666666666667,259.916666666667,275.333333333333,307.4,31.6
"203","11249",28481,17772206.1701202,"Kings",NA,NA,NA,NA,NA,NA,NA,NA,NA,NA,NA,NA,NA,NA,608.857142857143,638.5,662.230769230769,778.75,950.083333333333,1022.58333333333,1108.66666666667,1121.2,16.03
"81","10162",0,21034.88691763,"New York",NA,NA,NA,NA,NA,NA,NA,NA,NA,NA,NA,NA,NA,NA,NA,NA,NA,NA,NA,NA,NA,NA,0
"69","10119",0,126392.97354801,"New York",NA,NA,NA,NA,NA,NA,NA,NA,NA,NA,NA,NA,NA,NA,NA,NA,NA,NA,NA,NA,NA,NA,0
